{
  "name": "FateExtended",
  "title": "Fate Extended",
  "description": "Extended Fate Core system, created for S.T.A.L.K.E.R.-like gameplay.",
  "version": "0.1.0",
  "author": "GenSeck",
  "authors": [
    {
      "name": "GenSeck",
      "email": "qserxsdiv@mail.com",
      "url": ""
    }
  ],
  "scripts": [],
  "esmodules": [
    "FateExtended.js"
  ],
  "styles": [
    "templates/FateExtended.css"
  ],
  "packs": [],
  "languages": [],
  "gridDistance": 1,
  "gridUnits": "",
  "minimumCoreVersion": "0.7.9",
  "compatibleCoreVersion": "0.7.9",
  "url": "",
  "manifest": "",
  "download": "",
  "license": "",
  "readme": "",
  "bugs": "",
  "changelog": ""
}