{
  "Actor": {
    "types": ["character", "npc", "thing"],
    "templates": {
      "common": {
        "aspects": [],
        "skills": [],
        "stunts": [],
        "extras": [],
        "tracks": [],
        "info": {
          "name": "",
          "description": ""
        },
        "fate": {
          "points": 0,
          "refresh": 0
        }
      }
    },
    "character": {
      "templates": ["common"],
      "bio": ""
    },
    "npc": {
      "templates": ["common"],
      "bio": ""
    },
    "thing": {
      "templates": ["common"]
    }
  },
  "Item": {
    "types": ["Extra"],
    "templates": {
      "common": {
        "description": {
          "value": ""
        }
      }
    },
    "Extra": {
      "templates": ["common"],
      "permissions": "",
      "costs": "",
      "refresh": "",
      "aspects": [],
      "skills": [],
      "stunts": [],
      "tracks": [],
      "actions": {
        "overcome": "",
        "create": "",
        "attack": "",
        "defend": ""
      },
      "countSkills": false,
      "contents": {}
    }
  }
}
